,parameter,ave_acc,std_acc
5,10_0.19_900,0.8559300000000001,0.006846612300985063
