,parameter,ave_acc,std_acc
5,10_0.19_900,0.9315800000000001,0.060185028038541276
