,name,ave_acc,std_acc
0,COLLAB,0.5912000000000001,0.014344336861632874
1,MUTAG,0.7330409356725147,0.10045934309082594
2,REDDIT-BINARY,0.761,0.02922327839240494
3,DD,0.7105026799942055,0.0337661650761316
