,name,ave_acc,std_acc
0,MUTAG,0.8239766081871345,0.06868295951599089
1,REDDIT-BINARY,0.806,0.029478805945967333
2,DD,0.7487686513110241,0.033437773915442046
3,COLLAB,0.6603999999999999,0.023440136518373747
