,parameter,ave_acc,std_acc
0,10_0.19_900,0.33965,0.02449494845881493
