,parameter,ave_acc,std_acc
0,10_0.19_900,0.33340000000000003,0.027256008511885966
