,name,ave_acc,std_acc
0,MUTAG,0.8345029239766081,0.06229099659581277
1,REDDIT-BINARY,0.7689999999999999,0.03793415347678132
2,DD,0.7555338258728088,0.03063541836847515
3,COLLAB,0.6781999999999999,0.03069136686431542
