,model,dataset,optimizer,weight_decay,adam_lr,best_acc
0,GCN,MUTAG,Adagrad,1.4101547829633218e-06,0.032921900613215614,0.6959064327485379
1,DGCNN,MUTAG,Adagrad,3.6784948076370187e-07,0.016326288266386737,0.8450292397660819
2,GCN,REDDIT-BINARY,Adam,9.418362261042739e-10,0.006200866278112672,0.704
3,DGCNN,REDDIT-BINARY,Adagrad,2.6645638748050635e-08,0.0016595686677013134,0.7184999999999999
4,GCN,DD,Adagrad,1.6502898602350017e-10,0.052698258563709216,0.6528248587570622
5,DGCNN,DD,Adam,8.478398456056119e-10,0.004553376261271364,0.7410908300738809
6,GCN,COLLAB,Adagrad,0.00043069006157927983,0.015175269652084197,0.6803999999999999
7,DGCNN,COLLAB,Adam,0.0002649616757211716,0.001235730916255593,0.682
